<?xml version="1.0" encoding="utf-8"?>

<extension type="component" version="1.6" method="upgrade">
	<name><![CDATA[omhelpdesk]]></name>
	<author><![CDATA[Marcin Krasucki]]></author>
	<creationDate><![CDATA[23 Mar 2019]]></creationDate>
	<copyright><![CDATA[]]></copyright>
	<authorEmail><![CDATA[marcin.krasucki@intuigo.pl]]></authorEmail>
	<authorUrl><![CDATA[openmed.io]]></authorUrl>
	<version><![CDATA[1]]></version>
	<license><![CDATA[GNU GPL]]></license>
	<description><![CDATA[]]></description>

	<files folder="site">
		<folder>_fork</folder>
		<folder>controllers</folder>
		<folder>css</folder>
		<folder>files</folder>
		<folder>images</folder>
		<folder>layouts</folder>
		<folder>models</folder>
		<folder>views</folder>
		<filename>controller.php</filename>
		<filename>index.html</filename>
		<filename>menu.xml</filename>
		<filename>omhelpdesk.php</filename>
		<filename>router.php</filename>
	</files>

	<languages folder="site">
		<language tag="en-GB">language/en-GB.com_omhelpdesk.ini</language>
	</languages>

	<administration>

		<files folder="admin">
			<folder>_fork</folder>
			<folder>classes</folder>
			<folder>controllers</folder>
			<folder>css</folder>
			<folder>dom</folder>
			<folder>helpers</folder>
			<folder>images</folder>
			<folder>js</folder>
			<folder>layouts</folder>
			<folder>models</folder>
			<folder>sql</folder>
			<folder>tables</folder>
			<folder>views</folder>
			<filename>access.xml</filename>
			<filename>config.xml</filename>
			<filename>controller.php</filename>
			<filename>index.html</filename>
			<filename>menu.xml</filename>
			<filename>omhelpdesk.php</filename>
		</files>

		<languages folder="admin">
			<language tag="en-GB">language/en-GB.com_omhelpdesk.ini</language>
			<language tag="en-GB">language/en-GB.com_omhelpdesk.sys.ini</language>
		</languages>
		<menu img="components/com_omhelpdesk/images/icon-16-omhelpdesk.png">OMHELPDESK_MENU_OM_HELPDESK</menu>

		<submenu/>
	</administration>
	<scriptfile>script.php</scriptfile>

	<install>

		<sql>
			<file driver="mysql" charset="utf8">sql/install.mysql.utf8.sql</file>
		</sql>
	</install>

	<update>

		<schemas>
			<schemapath type="mysql">sql/updates/mysql</schemapath>
		</schemas>
	</update>

	<uninstall>

		<sql>
			<file driver="mysql" charset="utf8">sql/uninstall.mysql.utf8.sql</file>
		</sql>
	</uninstall>
</extension>